id,name,photo,candidate_list,group,constituency,govity,govity_percent,govity_total,govity_possible
nrsr:person:1190,Rastislav Krátky,https://www.nrsr.sk/web/dynamic/PoslanecPhoto.aspx?PoslanecID=1190&ImageWidth=140,,Klub KDH,,0.565641,56.6,1508,2666
nrsr:person:1126,Tina Gažovičová,https://www.nrsr.sk/web/dynamic/PoslanecPhoto.aspx?PoslanecID=1126&ImageWidth=140,,Klub PS,,0.576987,57.7,2091,3624
nrsr:person:1131,Ondrej Prostredník,https://www.nrsr.sk/web/dynamic/PoslanecPhoto.aspx?PoslanecID=1131&ImageWidth=140,,Klub PS,,0.576378,57.6,2113,3666
nrsr:person:1196,Alena Nováková,https://www.nrsr.sk/web/dynamic/PoslanecPhoto.aspx?PoslanecID=1196&ImageWidth=140,,Klub HLAS - SD,,0.99827,99.8,4039,4046
nrsr:person:1117,Jaroslav Spišiak,https://www.nrsr.sk/web/dynamic/PoslanecPhoto.aspx?PoslanecID=1117&ImageWidth=140,,Klub PS,,0.570442,57.0,1899,3329
nrsr:person:1177,Igor Šimko,https://www.nrsr.sk/web/dynamic/PoslanecPhoto.aspx?PoslanecID=1177&ImageWidth=140,,Klub HLAS - SD,,0.998735,99.9,3947,3952
nrsr:person:929,Andrej Danko,https://www.nrsr.sk/web/dynamic/PoslanecPhoto.aspx?PoslanecID=929&ImageWidth=140,,Klub SNS,,0.995239,99.5,3972,3991
nrsr:person:761,Richard Raši,https://www.nrsr.sk/web/dynamic/PoslanecPhoto.aspx?PoslanecID=761&ImageWidth=140,,Klub HLAS - SD,,0.996277,99.6,1873,1880
nrsr:person:785,Ľubomír Galko,https://www.nrsr.sk/web/dynamic/PoslanecPhoto.aspx?PoslanecID=785&ImageWidth=140,,Klub SLOVENSKO,,0.482538,48.3,1658,3436
nrsr:person:1142,Ján Hargaš,https://www.nrsr.sk/web/dynamic/PoslanecPhoto.aspx?PoslanecID=1142&ImageWidth=140,,Klub PS,,0.575602,57.6,1911,3320
nrsr:person:1025,Mária Kolíková,https://www.nrsr.sk/web/dynamic/PoslanecPhoto.aspx?PoslanecID=1025&ImageWidth=140,,Klub SaS,,0.455993,45.6,1518,3329
nrsr:person:738,Pavol Goga,https://www.nrsr.sk/web/dynamic/PoslanecPhoto.aspx?PoslanecID=738&ImageWidth=140,,Klub SMER - SD,,0.999751,100.0,4018,4019
nrsr:person:1222,Gréta Gregorová,https://www.nrsr.sk/web/dynamic/PoslanecPhoto.aspx?PoslanecID=1222&ImageWidth=140,,Klub PS,,0.504141,50.4,487,966
nrsr:person:1200,Boleslav Lešo,https://www.nrsr.sk/web/dynamic/PoslanecPhoto.aspx?PoslanecID=1200&ImageWidth=140,,Klub SMER - SD,,0.999753,100.0,4052,4053
nrsr:person:1223,Vladimír Macášek,https://www.nrsr.sk/web/dynamic/PoslanecPhoto.aspx?PoslanecID=1223&ImageWidth=140,,Klub SMER - SD,,1.0,100.0,628,628
nrsr:person:1217,Andrea Szabóová,https://www.nrsr.sk/web/dynamic/PoslanecPhoto.aspx?PoslanecID=1217&ImageWidth=140,,Klub HLAS - SD,,0.998445,99.8,3210,3215
nrsr:person:1009,Jozef Habánik,https://www.nrsr.sk/web/dynamic/PoslanecPhoto.aspx?PoslanecID=1009&ImageWidth=140,,Klub SMER - SD,,0.999258,99.9,4038,4041
nrsr:person:962,Simona Petrík,https://www.nrsr.sk/web/dynamic/PoslanecPhoto.aspx?PoslanecID=962&ImageWidth=140,,Klub PS,,0.569637,57.0,1726,3030
nrsr:person:1088,Peter Pollák,https://www.nrsr.sk/web/dynamic/PoslanecPhoto.aspx?PoslanecID=1088&ImageWidth=140,,Klub SLOVENSKO,,0.485045,48.5,1573,3243
nrsr:person:1213,Richard Dubovický,https://www.nrsr.sk/web/dynamic/PoslanecPhoto.aspx?PoslanecID=1213&ImageWidth=140,,Klub PS,,0.570459,57.0,1765,3094
nrsr:person:1158,Daniel Karas,https://www.nrsr.sk/web/dynamic/PoslanecPhoto.aspx?PoslanecID=1158&ImageWidth=140,,Klub SMER - SD,,1.0,100.0,4058,4058
nrsr:person:861,Richard Vašečka,https://www.nrsr.sk/web/dynamic/PoslanecPhoto.aspx?PoslanecID=861&ImageWidth=140,,Klub SLOVENSKO,,0.498634,49.9,1643,3295
nrsr:person:1146,Anežka Škopová,https://www.nrsr.sk/web/dynamic/PoslanecPhoto.aspx?PoslanecID=1146&ImageWidth=140,,Klub SLOVENSKO,,0.479225,47.9,1707,3562
nrsr:person:1179,Marián Čaučík,https://www.nrsr.sk/web/dynamic/PoslanecPhoto.aspx?PoslanecID=1179&ImageWidth=140,,Klub KDH,,0.589828,59.0,1960,3323
nrsr:person:1163,Justín Sedlák,https://www.nrsr.sk/web/dynamic/PoslanecPhoto.aspx?PoslanecID=1163&ImageWidth=140,,Klub SMER - SD,,0.999261,99.9,4054,4057
nrsr:person:1191,Andrej Sitkár,https://www.nrsr.sk/web/dynamic/PoslanecPhoto.aspx?PoslanecID=1191&ImageWidth=140,,Klub SMER - SD,,0.999507,100.0,4051,4053
nrsr:person:862,Branislav Škripek,https://www.nrsr.sk/web/dynamic/PoslanecPhoto.aspx?PoslanecID=862&ImageWidth=140,,Klub KDH,,0.617827,61.8,1615,2614
nrsr:person:1218,Jozef Kačmár,https://www.nrsr.sk/web/dynamic/PoslanecPhoto.aspx?PoslanecID=1218&ImageWidth=140,,Klub SMER - SD,,0.999624,100.0,2658,2659
nrsr:person:930,Dušan Tittel,https://www.nrsr.sk/web/dynamic/PoslanecPhoto.aspx?PoslanecID=930&ImageWidth=140,,Klub HLAS - SD,,0.998025,99.8,4043,4051
nrsr:person:966,Karol Galek,https://www.nrsr.sk/web/dynamic/PoslanecPhoto.aspx?PoslanecID=966&ImageWidth=140,,Klub SaS,,0.474946,47.5,1109,2335
nrsr:person:1216,Dávid Demečko,https://www.nrsr.sk/web/dynamic/PoslanecPhoto.aspx?PoslanecID=1216&ImageWidth=140,,Klub HLAS - SD,,0.998135,99.8,3211,3217
nrsr:person:1186,Andrea Turčanová,https://www.nrsr.sk/web/dynamic/PoslanecPhoto.aspx?PoslanecID=1186&ImageWidth=140,,Klub KDH,,0.606248,60.6,1766,2913
nrsr:person:733,Michal Lukša,https://www.nrsr.sk/web/dynamic/PoslanecPhoto.aspx?PoslanecID=733&ImageWidth=140,,Klub SMER - SD,,0.999753,100.0,4048,4049
nrsr:person:1219,Ján Horváth,https://www.nrsr.sk/web/dynamic/PoslanecPhoto.aspx?PoslanecID=1219&ImageWidth=140,,Klub SMER - SD,,0.999257,99.9,2688,2690
nrsr:person:293,Ľubomír Vážny,https://www.nrsr.sk/web/dynamic/PoslanecPhoto.aspx?PoslanecID=293&ImageWidth=140,,Klub SMER - SD,,0.996488,99.6,3972,3986
nrsr:person:1169,Karol Janas,https://www.nrsr.sk/web/dynamic/PoslanecPhoto.aspx?PoslanecID=1169&ImageWidth=140,,Klub HLAS - SD,,0.998031,99.8,4054,4062
nrsr:person:769,Peter Šuca,https://www.nrsr.sk/web/dynamic/PoslanecPhoto.aspx?PoslanecID=769&ImageWidth=140,,Klub SMER - SD,,0.999507,100.0,4055,4057
nrsr:person:1212,Natália Nash,https://www.nrsr.sk/web/dynamic/PoslanecPhoto.aspx?PoslanecID=1212&ImageWidth=140,,Klub PS,,0.569929,57.0,2009,3525
nrsr:person:1182,Peter Stachura,https://www.nrsr.sk/web/dynamic/PoslanecPhoto.aspx?PoslanecID=1182&ImageWidth=140,,Klub KDH,,0.607564,60.8,1751,2882
nrsr:person:1129,Jana Hanuliaková,https://www.nrsr.sk/web/dynamic/PoslanecPhoto.aspx?PoslanecID=1129&ImageWidth=140,,Klub PS,,0.580377,58.0,1816,3129
nrsr:person:1075,"Tomáš Valášek,",https://www.nrsr.sk/web/dynamic/PoslanecPhoto.aspx?PoslanecID=1075&ImageWidth=140,,Klub PS,,0.602493,60.2,1740,2888
nrsr:person:1150,Ivan Ševčík,https://www.nrsr.sk/web/dynamic/PoslanecPhoto.aspx?PoslanecID=1150&ImageWidth=140,,Klub SNS,,0.998384,99.8,3708,3714
nrsr:person:61,Dušan Jarjabek,https://www.nrsr.sk/web/dynamic/PoslanecPhoto.aspx?PoslanecID=61&ImageWidth=140,,Klub SMER - SD,,0.9995,100.0,3997,3999
nrsr:person:1019,Viliam Zahorčák,https://www.nrsr.sk/web/dynamic/PoslanecPhoto.aspx?PoslanecID=1019&ImageWidth=140,,Klub SMER - SD,,0.999753,100.0,4053,4054
nrsr:person:1121,Zora Jaurová,https://www.nrsr.sk/web/dynamic/PoslanecPhoto.aspx?PoslanecID=1121&ImageWidth=140,,Klub PS,,0.577312,57.7,1542,2671
nrsr:person:905,Veronika Remišová,https://www.nrsr.sk/web/dynamic/PoslanecPhoto.aspx?PoslanecID=905&ImageWidth=140,,Klub SLOVENSKO,,0.442933,44.3,1172,2646
nrsr:person:1139,Dana Kleinert,https://www.nrsr.sk/web/dynamic/PoslanecPhoto.aspx?PoslanecID=1139&ImageWidth=140,,Klub PS,,0.581973,58.2,1782,3062
nrsr:person:1046,Roman Mikulec,https://www.nrsr.sk/web/dynamic/PoslanecPhoto.aspx?PoslanecID=1046&ImageWidth=140,,Klub SLOVENSKO,,0.469771,47.0,1352,2878
nrsr:person:1161,Michal Stuška,https://www.nrsr.sk/web/dynamic/PoslanecPhoto.aspx?PoslanecID=1161&ImageWidth=140,,Klub SMER - SD,,0.999505,100.0,4037,4039
nrsr:person:1221,Igor Dušenka,https://www.nrsr.sk/web/dynamic/PoslanecPhoto.aspx?PoslanecID=1221&ImageWidth=140,,Klub SLOVENSKO,,0.432999,43.3,475,1097
nrsr:person:910,Gábor Grendel,https://www.nrsr.sk/web/dynamic/PoslanecPhoto.aspx?PoslanecID=910&ImageWidth=140,,Klub SLOVENSKO,,0.440171,44.0,1442,3276
nrsr:person:1207,Michal Bartek,https://www.nrsr.sk/web/dynamic/PoslanecPhoto.aspx?PoslanecID=1207&ImageWidth=140,,Klub HLAS - SD,,0.998261,99.8,4018,4025
nrsr:person:1118,Tamara Stohlová,https://www.nrsr.sk/web/dynamic/PoslanecPhoto.aspx?PoslanecID=1118&ImageWidth=140,,Klub PS,,0.573237,57.3,1992,3475
nrsr:person:1120,Michal Sabo,https://www.nrsr.sk/web/dynamic/PoslanecPhoto.aspx?PoslanecID=1120&ImageWidth=140,,Klub PS,,0.571267,57.1,2024,3543
nrsr:person:1132,Zuzana Števulová,https://www.nrsr.sk/web/dynamic/PoslanecPhoto.aspx?PoslanecID=1132&ImageWidth=140,,Klub PS,,0.561762,56.2,1760,3133
nrsr:person:1065,Michal Šipoš,https://www.nrsr.sk/web/dynamic/PoslanecPhoto.aspx?PoslanecID=1065&ImageWidth=140,,Klub SLOVENSKO,,0.436358,43.6,1457,3339
nrsr:person:899,Peter Náhlik,https://www.nrsr.sk/web/dynamic/PoslanecPhoto.aspx?PoslanecID=899&ImageWidth=140,,Klub HLAS - SD,,0.99851,99.9,4022,4028
nrsr:person:1141,Veronika Veslárová,https://www.nrsr.sk/web/dynamic/PoslanecPhoto.aspx?PoslanecID=1141&ImageWidth=140,,Klub PS,,0.575899,57.6,1969,3419
nrsr:person:1008,Ján Ferenčák,https://www.nrsr.sk/web/dynamic/PoslanecPhoto.aspx?PoslanecID=1008&ImageWidth=140,,Klub HLAS - SD,,0.973367,97.3,3472,3567
nrsr:person:689,Ján Richter,https://www.nrsr.sk/web/dynamic/PoslanecPhoto.aspx?PoslanecID=689&ImageWidth=140,,Klub SMER - SD,,0.999252,99.9,4006,4009
nrsr:person:931,Karol Farkašovský,https://www.nrsr.sk/web/dynamic/PoslanecPhoto.aspx?PoslanecID=931&ImageWidth=140,,Klub SNS,,0.99627,99.6,4006,4021
nrsr:person:1160,Marcela Čavojová,https://www.nrsr.sk/web/dynamic/PoslanecPhoto.aspx?PoslanecID=1160&ImageWidth=140,,Klub SMER - SD,,0.998746,99.9,3983,3988
nrsr:person:1037,Vladimír Ledecký,https://www.nrsr.sk/web/dynamic/PoslanecPhoto.aspx?PoslanecID=1037&ImageWidth=140,,Klub SaS,,0.503034,50.3,1741,3461
nrsr:person:705,Jozef Valocký,https://www.nrsr.sk/web/dynamic/PoslanecPhoto.aspx?PoslanecID=705&ImageWidth=140,,Klub SMER - SD,,0.999011,99.9,4039,4043
nrsr:person:1188,Július Jakab,https://www.nrsr.sk/web/dynamic/PoslanecPhoto.aspx?PoslanecID=1188&ImageWidth=140,,Klub SLOVENSKO,,0.452729,45.3,1518,3353
nrsr:person:1149,Roman Michelko,https://www.nrsr.sk/web/dynamic/PoslanecPhoto.aspx?PoslanecID=1149&ImageWidth=140,,Klub SNS,,0.993078,99.3,4017,4045
nrsr:person:1184,František Majerský,https://www.nrsr.sk/web/dynamic/PoslanecPhoto.aspx?PoslanecID=1184&ImageWidth=140,,Klub KDH,,0.621228,62.1,1750,2817
nrsr:person:1144,Lukáš Bužo,https://www.nrsr.sk/web/dynamic/PoslanecPhoto.aspx?PoslanecID=1144&ImageWidth=140,,Klub SLOVENSKO,,0.464708,46.5,1613,3471
nrsr:person:1154,gen. Gašpar,https://www.nrsr.sk/web/dynamic/PoslanecPhoto.aspx?PoslanecID=1154&ImageWidth=140,,Klub SMER - SD,,0.999503,100.0,4023,4025
nrsr:person:892,Štefan Gašparovič,https://www.nrsr.sk/web/dynamic/PoslanecPhoto.aspx?PoslanecID=892&ImageWidth=140,,Klub HLAS - SD,,0.998275,99.8,4051,4058
nrsr:person:1198,Milan Garaj,https://www.nrsr.sk/web/dynamic/PoslanecPhoto.aspx?PoslanecID=1198&ImageWidth=140,,Klub SNS,,0.996271,99.6,4008,4023
nrsr:person:1202,Ján Hrubý,https://www.nrsr.sk/web/dynamic/PoslanecPhoto.aspx?PoslanecID=1202&ImageWidth=140,,Klub HLAS - SD,,0.997328,99.7,1866,1871
nrsr:person:1183,Ján Horecký,https://www.nrsr.sk/web/dynamic/PoslanecPhoto.aspx?PoslanecID=1183&ImageWidth=140,,Klub KDH,,0.576176,57.6,1751,3039
nrsr:person:1054,Jozef Pročko,https://www.nrsr.sk/web/dynamic/PoslanecPhoto.aspx?PoslanecID=1054&ImageWidth=140,,Klub SLOVENSKO,,0.425351,42.5,1302,3061
nrsr:person:685,Ján Podmanický,https://www.nrsr.sk/web/dynamic/PoslanecPhoto.aspx?PoslanecID=685&ImageWidth=140,,Klub SMER - SD,,0.996259,99.6,3995,4010
nrsr:person:871,Vladimír Baláž,https://www.nrsr.sk/web/dynamic/PoslanecPhoto.aspx?PoslanecID=871&ImageWidth=140,,Klub SMER - SD,,0.997749,99.8,3989,3998
nrsr:person:1145,Viliam Tankó,https://www.nrsr.sk/web/dynamic/PoslanecPhoto.aspx?PoslanecID=1145&ImageWidth=140,,Klub PS,,0.484746,48.5,1573,3245
nrsr:person:859,Alojz Hlina,https://www.nrsr.sk/web/dynamic/PoslanecPhoto.aspx?PoslanecID=859&ImageWidth=140,,Klub SaS,,0.528662,52.9,1577,2983
nrsr:person:1130,Zuzana Mesterová,https://www.nrsr.sk/web/dynamic/PoslanecPhoto.aspx?PoslanecID=1130&ImageWidth=140,,Klub PS,,0.581357,58.1,2108,3626
nrsr:person:1119,Irena Bihariová,https://www.nrsr.sk/web/dynamic/PoslanecPhoto.aspx?PoslanecID=1119&ImageWidth=140,,Klub PS,,0.576604,57.7,1878,3257
nrsr:person:1116,Lucia Plaváková,https://www.nrsr.sk/web/dynamic/PoslanecPhoto.aspx?PoslanecID=1116&ImageWidth=140,,Klub PS,,0.569435,56.9,1673,2938
nrsr:person:991,Marián Viskupič,https://www.nrsr.sk/web/dynamic/PoslanecPhoto.aspx?PoslanecID=991&ImageWidth=140,,Klub SaS,,0.503331,50.3,1813,3602
nrsr:person:1058,Anton Stredák,https://www.nrsr.sk/web/dynamic/PoslanecPhoto.aspx?PoslanecID=1058&ImageWidth=140,,Klub SMER - SD,,0.999015,99.9,4057,4061
nrsr:person:1180,Martina Holečková,https://www.nrsr.sk/web/dynamic/PoslanecPhoto.aspx?PoslanecID=1180&ImageWidth=140,,Klub SaS,,0.524812,52.5,1396,2660
nrsr:person:1224,Monika Kolejáková,https://www.nrsr.sk/web/dynamic/PoslanecPhoto.aspx?PoslanecID=1224&ImageWidth=140,,Klub KDH,,0.542199,54.2,212,391
nrsr:person:656,Dušan Galis,https://www.nrsr.sk/web/dynamic/PoslanecPhoto.aspx?PoslanecID=656&ImageWidth=140,,Klub SMER - SD,,0.997762,99.8,4013,4022
nrsr:person:900,František Petro,https://www.nrsr.sk/web/dynamic/PoslanecPhoto.aspx?PoslanecID=900&ImageWidth=140,,Klub SMER - SD,,0.999754,100.0,4064,4065
nrsr:person:668,Stanislav Kubánek,https://www.nrsr.sk/web/dynamic/PoslanecPhoto.aspx?PoslanecID=668&ImageWidth=140,,Klub SMER - SD,,0.997777,99.8,4039,4048
nrsr:person:1143,Veronika Šrobová,https://www.nrsr.sk/web/dynamic/PoslanecPhoto.aspx?PoslanecID=1143&ImageWidth=140,,Klub PS,,0.581647,58.2,2041,3509
nrsr:person:1081,Ľubica Laššáková,https://www.nrsr.sk/web/dynamic/PoslanecPhoto.aspx?PoslanecID=1081&ImageWidth=140,,Klub HLAS - SD,,0.998504,99.9,4006,4012
nrsr:person:1114,Michal Šimečka,https://www.nrsr.sk/web/dynamic/PoslanecPhoto.aspx?PoslanecID=1114&ImageWidth=140,,Klub PS,,0.584778,58.5,1821,3114
nrsr:person:92,František Mikloško,https://www.nrsr.sk/web/dynamic/PoslanecPhoto.aspx?PoslanecID=92&ImageWidth=140,,Klub KDH,,0.592852,59.3,1526,2574
nrsr:person:1134,Darina Luščíková,https://www.nrsr.sk/web/dynamic/PoslanecPhoto.aspx?PoslanecID=1134&ImageWidth=140,,Klub PS,,0.573286,57.3,1940,3384
nrsr:person:233,Jaroslav Baška,https://www.nrsr.sk/web/dynamic/PoslanecPhoto.aspx?PoslanecID=233&ImageWidth=140,,Klub SMER - SD,,0.998716,99.9,3890,3895
nrsr:person:961,Igor Janckulík,https://www.nrsr.sk/web/dynamic/PoslanecPhoto.aspx?PoslanecID=961&ImageWidth=140,,Klub KDH,,0.602878,60.3,2095,3475
nrsr:person:1178,Milan Majerský,https://www.nrsr.sk/web/dynamic/PoslanecPhoto.aspx?PoslanecID=1178&ImageWidth=140,,Klub KDH,,0.599676,60.0,1850,3085
nrsr:person:36,RSDr. Faič,https://www.nrsr.sk/web/dynamic/PoslanecPhoto.aspx?PoslanecID=36&ImageWidth=140,,Klub SMER - SD,,0.997973,99.8,3939,3947
nrsr:person:1133,Martin Dubéci,https://www.nrsr.sk/web/dynamic/PoslanecPhoto.aspx?PoslanecID=1133&ImageWidth=140,,Klub PS,,0.575007,57.5,1974,3433
nrsr:person:891,Jozef Ježík,https://www.nrsr.sk/web/dynamic/PoslanecPhoto.aspx?PoslanecID=891&ImageWidth=140,,Klub SMER - SD,,0.99852,99.9,4048,4054
nrsr:person:873,Marián Kéry,https://www.nrsr.sk/web/dynamic/PoslanecPhoto.aspx?PoslanecID=873&ImageWidth=140,,Klub SMER - SD,,0.99777,99.8,4026,4035
nrsr:person:1225,Gabriel Paľa,https://www.nrsr.sk/web/dynamic/PoslanecPhoto.aspx?PoslanecID=1225&ImageWidth=140,,Klub KDH,,0.614458,61.4,102,166
nrsr:person:1203,et Čellár,https://www.nrsr.sk/web/dynamic/PoslanecPhoto.aspx?PoslanecID=1203&ImageWidth=140,,Klub HLAS - SD,,0.996765,99.7,4006,4019
nrsr:person:1032,Juraj Krúpa,https://www.nrsr.sk/web/dynamic/PoslanecPhoto.aspx?PoslanecID=1032&ImageWidth=140,,Klub SaS,,0.531452,53.1,1808,3402
nrsr:person:779,Ondrej Dostál,https://www.nrsr.sk/web/dynamic/PoslanecPhoto.aspx?PoslanecID=779&ImageWidth=140,,Klub SaS,,0.446814,44.7,1634,3657
nrsr:person:1172,Richard Eliáš,https://www.nrsr.sk/web/dynamic/PoslanecPhoto.aspx?PoslanecID=1172&ImageWidth=140,,Klub HLAS - SD,,0.998022,99.8,4036,4044
nrsr:person:1189,Marek Lackovič,https://www.nrsr.sk/web/dynamic/PoslanecPhoto.aspx?PoslanecID=1189&ImageWidth=140,,Klub PS,,0.578741,57.9,2069,3575
nrsr:person:1159,Zuzana Matejičková,https://www.nrsr.sk/web/dynamic/PoslanecPhoto.aspx?PoslanecID=1159&ImageWidth=140,,Klub SMER - SD,,0.998032,99.8,4057,4065
nrsr:person:808,Igor Matovič,https://www.nrsr.sk/web/dynamic/PoslanecPhoto.aspx?PoslanecID=808&ImageWidth=140,,Klub SLOVENSKO,,0.470105,47.0,1258,2676
nrsr:person:762,Marián Saloň,https://www.nrsr.sk/web/dynamic/PoslanecPhoto.aspx?PoslanecID=762&ImageWidth=140,,Klub SMER - SD,,1.0,100.0,3997,3997
nrsr:person:691,Peter Žiga,https://www.nrsr.sk/web/dynamic/PoslanecPhoto.aspx?PoslanecID=691&ImageWidth=140,,Klub HLAS - SD,,0.998471,99.8,3919,3925
nrsr:person:1123,Oskar Dvořák,https://www.nrsr.sk/web/dynamic/PoslanecPhoto.aspx?PoslanecID=1123&ImageWidth=140,,Klub PS,,0.581813,58.2,1977,3398
nrsr:person:1214,Richard Glück,https://www.nrsr.sk/web/dynamic/PoslanecPhoto.aspx?PoslanecID=1214&ImageWidth=140,,Klub SMER - SD,,0.998667,99.9,3745,3750
nrsr:person:671,Ján Kvorka,https://www.nrsr.sk/web/dynamic/PoslanecPhoto.aspx?PoslanecID=671&ImageWidth=140,,Klub SMER - SD,,0.999258,99.9,4040,4043
nrsr:person:1152,Pavel Ľupták,https://www.nrsr.sk/web/dynamic/PoslanecPhoto.aspx?PoslanecID=1152&ImageWidth=140,,Klub SNS,,0.997252,99.7,3629,3639
nrsr:person:1204,Jaroslav Mego,https://www.nrsr.sk/web/dynamic/PoslanecPhoto.aspx?PoslanecID=1204&ImageWidth=140,,Klub SMER - SD,,0.999504,100.0,4029,4031
nrsr:person:1176,Erik Vlček,https://www.nrsr.sk/web/dynamic/PoslanecPhoto.aspx?PoslanecID=1176&ImageWidth=140,,Klub HLAS - SD,,0.997247,99.7,3984,3995
nrsr:person:1220,Miroslav Radačovský,https://www.nrsr.sk/web/dynamic/PoslanecPhoto.aspx?PoslanecID=1220&ImageWidth=140,,,,0.972024,97.2,1772,1823
nrsr:person:907,Marek Krajčí,https://www.nrsr.sk/web/dynamic/PoslanecPhoto.aspx?PoslanecID=907&ImageWidth=140,,Klub SLOVENSKO,,0.483969,48.4,1434,2963
nrsr:person:1147,Tomáš Szalay,https://www.nrsr.sk/web/dynamic/PoslanecPhoto.aspx?PoslanecID=1147&ImageWidth=140,,Klub SaS,,0.469505,47.0,1632,3476
nrsr:person:1042,Vladimíra Marcinková,https://www.nrsr.sk/web/dynamic/PoslanecPhoto.aspx?PoslanecID=1042&ImageWidth=140,,Klub SaS,,0.456723,45.7,1335,2923
nrsr:person:1195,Jozef Cech,https://www.nrsr.sk/web/dynamic/PoslanecPhoto.aspx?PoslanecID=1195&ImageWidth=140,,Klub HLAS - SD,,0.997771,99.8,4029,4038
nrsr:person:1170,Peter Kalivoda,https://www.nrsr.sk/web/dynamic/PoslanecPhoto.aspx?PoslanecID=1170&ImageWidth=140,,Klub HLAS - SD,,0.998231,99.8,3950,3957
nrsr:person:1127,Ivan Štefunko,https://www.nrsr.sk/web/dynamic/PoslanecPhoto.aspx?PoslanecID=1127&ImageWidth=140,,Klub PS,,0.586641,58.7,1862,3174
nrsr:person:1205,Michal Kapuš,https://www.nrsr.sk/web/dynamic/PoslanecPhoto.aspx?PoslanecID=1205&ImageWidth=140,,Klub SMER - SD,,0.999751,100.0,4018,4019
nrsr:person:1023,Peter Kmec,https://www.nrsr.sk/web/dynamic/PoslanecPhoto.aspx?PoslanecID=1023&ImageWidth=140,,Klub HLAS - SD,,1.0,100.0,634,634
nrsr:person:1115,Michal Truban,https://www.nrsr.sk/web/dynamic/PoslanecPhoto.aspx?PoslanecID=1115&ImageWidth=140,,Klub PS,,0.58481,58.5,1848,3160
nrsr:person:997,Ján Blcháč,https://www.nrsr.sk/web/dynamic/PoslanecPhoto.aspx?PoslanecID=997&ImageWidth=140,,Klub HLAS - SD,,0.997918,99.8,3834,3842
nrsr:person:1187,Branislav Becík,https://www.nrsr.sk/web/dynamic/PoslanecPhoto.aspx?PoslanecID=1187&ImageWidth=140,,Klub HLAS - SD,,0.998275,99.8,4050,4057
nrsr:person:1206,Peter Sokol,https://www.nrsr.sk/web/dynamic/PoslanecPhoto.aspx?PoslanecID=1206&ImageWidth=140,,Klub SMER - SD,,0.999713,100.0,3485,3486
nrsr:person:971,Branislav Gröhling,https://www.nrsr.sk/web/dynamic/PoslanecPhoto.aspx?PoslanecID=971&ImageWidth=140,,Klub SaS,,0.50128,50.1,1567,3126
nrsr:person:1194,Zuzana Plevíková,https://www.nrsr.sk/web/dynamic/PoslanecPhoto.aspx?PoslanecID=1194&ImageWidth=140,,Klub SMER - SD,,0.999754,100.0,4057,4058
nrsr:person:1124,Ingrid Kosová,https://www.nrsr.sk/web/dynamic/PoslanecPhoto.aspx?PoslanecID=1124&ImageWidth=140,,Klub PS,,0.578828,57.9,2034,3514
nrsr:person:1151,Peter Kotlár,https://www.nrsr.sk/web/dynamic/PoslanecPhoto.aspx?PoslanecID=1151&ImageWidth=140,,Klub SNS,,0.995741,99.6,3975,3992
nrsr:person:1208,Dis. Puškárová,https://www.nrsr.sk/web/dynamic/PoslanecPhoto.aspx?PoslanecID=1208&ImageWidth=140,,Klub HLAS - SD,,0.997734,99.8,3962,3971
nrsr:person:1211,Zdenka Mačicová,https://www.nrsr.sk/web/dynamic/PoslanecPhoto.aspx?PoslanecID=1211&ImageWidth=140,,Klub HLAS - SD,,0.998231,99.8,3949,3956
nrsr:person:1173,Roman Malatinec,https://www.nrsr.sk/web/dynamic/PoslanecPhoto.aspx?PoslanecID=1173&ImageWidth=140,,Klub HLAS - SD,,0.997523,99.8,4027,4037
nrsr:person:976,Jana Cigániková,https://www.nrsr.sk/web/dynamic/PoslanecPhoto.aspx?PoslanecID=976&ImageWidth=140,,Klub SaS,,0.493797,49.4,1194,2418
nrsr:person:1156,Ján Mažgút,https://www.nrsr.sk/web/dynamic/PoslanecPhoto.aspx?PoslanecID=1156&ImageWidth=140,,Klub SMER - SD,,0.999013,99.9,4050,4054
nrsr:person:1192,Ivan Hazucha,https://www.nrsr.sk/web/dynamic/PoslanecPhoto.aspx?PoslanecID=1192&ImageWidth=140,,Klub SMER - SD,,0.999,99.9,3997,4001
nrsr:person:874,Augustín Hambálek,https://www.nrsr.sk/web/dynamic/PoslanecPhoto.aspx?PoslanecID=874&ImageWidth=140,,Klub SMER - SD,,0.999508,100.0,4059,4061
nrsr:person:1128,et Jurík,https://www.nrsr.sk/web/dynamic/PoslanecPhoto.aspx?PoslanecID=1128&ImageWidth=140,,Klub PS,,0.574608,57.5,2014,3505
nrsr:person:879,Róbert Puci,https://www.nrsr.sk/web/dynamic/PoslanecPhoto.aspx?PoslanecID=879&ImageWidth=140,,Klub HLAS - SD,,0.998266,99.8,4029,4036
nrsr:person:1199,Adam Lučanský,https://www.nrsr.sk/web/dynamic/PoslanecPhoto.aspx?PoslanecID=1199&ImageWidth=140,,Klub SNS,,0.995786,99.6,4017,4034
nrsr:person:1210,Dagmar Kramplová,https://www.nrsr.sk/web/dynamic/PoslanecPhoto.aspx?PoslanecID=1210&ImageWidth=140,,Klub SNS,,0.99678,99.7,4024,4037
nrsr:person:1140,Dávid Dej,https://www.nrsr.sk/web/dynamic/PoslanecPhoto.aspx?PoslanecID=1140&ImageWidth=140,,Klub PS,,0.576467,57.6,2141,3714
nrsr:person:1087,Zdenko Svoboda,https://www.nrsr.sk/web/dynamic/PoslanecPhoto.aspx?PoslanecID=1087&ImageWidth=140,,Klub HLAS - SD,,0.997771,99.8,4028,4037
nrsr:person:1125,Štefan Kišš,https://www.nrsr.sk/web/dynamic/PoslanecPhoto.aspx?PoslanecID=1125&ImageWidth=140,,Klub PS,,0.585822,58.6,1628,2779
nrsr:person:1135,Branislav Vančo,https://www.nrsr.sk/web/dynamic/PoslanecPhoto.aspx?PoslanecID=1135&ImageWidth=140,,Klub PS,,0.570091,57.0,1948,3417
nrsr:person:1193,Igor Válek,https://www.nrsr.sk/web/dynamic/PoslanecPhoto.aspx?PoslanecID=1193&ImageWidth=140,,Klub SMER - SD,,0.999753,100.0,4053,4054
nrsr:person:322,Dušan Muňko,https://www.nrsr.sk/web/dynamic/PoslanecPhoto.aspx?PoslanecID=322&ImageWidth=140,,Klub SNS,,0.997418,99.7,3863,3873
