id,name,photo,candidate_list,group,constituency,rebelity,rebelity_percent,rebelity_total,rebelity_possible
nrsr:person:892,Štefan Gašparovič,https://www.nrsr.sk/web/dynamic/PoslanecPhoto.aspx?PoslanecID=892&ImageWidth=140,,Klub HLAS - SD,,0.000244,0.0,1,4090
nrsr:person:1193,Igor Válek,https://www.nrsr.sk/web/dynamic/PoslanecPhoto.aspx?PoslanecID=1193&ImageWidth=140,,Klub SMER - SD,,0.00049,0.0,2,4084
nrsr:person:1117,Jaroslav Spišiak,https://www.nrsr.sk/web/dynamic/PoslanecPhoto.aspx?PoslanecID=1117&ImageWidth=140,,Klub PS,,0.001551,0.2,6,3869
nrsr:person:1058,Anton Stredák,https://www.nrsr.sk/web/dynamic/PoslanecPhoto.aspx?PoslanecID=1058&ImageWidth=140,,Klub SMER - SD,,0.000735,0.1,3,4084
nrsr:person:1135,Branislav Vančo,https://www.nrsr.sk/web/dynamic/PoslanecPhoto.aspx?PoslanecID=1135&ImageWidth=140,,Klub PS,,0.001551,0.2,6,3869
nrsr:person:705,Jozef Valocký,https://www.nrsr.sk/web/dynamic/PoslanecPhoto.aspx?PoslanecID=705&ImageWidth=140,,Klub SMER - SD,,0.000979,0.1,4,4084
nrsr:person:931,Karol Farkašovský,https://www.nrsr.sk/web/dynamic/PoslanecPhoto.aspx?PoslanecID=931&ImageWidth=140,,Klub SNS,,0.00147,0.1,6,4083
nrsr:person:1126,Tina Gažovičová,https://www.nrsr.sk/web/dynamic/PoslanecPhoto.aspx?PoslanecID=1126&ImageWidth=140,,Klub PS,,0.0,0.0,0,3869
nrsr:person:1200,Boleslav Lešo,https://www.nrsr.sk/web/dynamic/PoslanecPhoto.aspx?PoslanecID=1200&ImageWidth=140,,Klub SMER - SD,,0.00049,0.0,2,4084
nrsr:person:971,Branislav Gröhling,https://www.nrsr.sk/web/dynamic/PoslanecPhoto.aspx?PoslanecID=971&ImageWidth=140,,Klub SaS,,0.000257,0.0,1,3884
nrsr:person:1042,Vladimíra Marcinková,https://www.nrsr.sk/web/dynamic/PoslanecPhoto.aspx?PoslanecID=1042&ImageWidth=140,,Klub SaS,,0.015963,1.6,62,3884
nrsr:person:1206,Peter Sokol,https://www.nrsr.sk/web/dynamic/PoslanecPhoto.aspx?PoslanecID=1206&ImageWidth=140,,Klub SMER - SD,,0.000245,0.0,1,4084
nrsr:person:1145,Viliam Tankó,https://www.nrsr.sk/web/dynamic/PoslanecPhoto.aspx?PoslanecID=1145&ImageWidth=140,,Klub PS,,0.09925,9.9,384,3869
nrsr:person:1203,et Čellár,https://www.nrsr.sk/web/dynamic/PoslanecPhoto.aspx?PoslanecID=1203&ImageWidth=140,,Klub HLAS - SD,,0.001711,0.2,7,4090
nrsr:person:1115,Michal Truban,https://www.nrsr.sk/web/dynamic/PoslanecPhoto.aspx?PoslanecID=1115&ImageWidth=140,,Klub PS,,0.003619,0.4,14,3869
nrsr:person:1180,Martina Holečková,https://www.nrsr.sk/web/dynamic/PoslanecPhoto.aspx?PoslanecID=1180&ImageWidth=140,,Klub SaS,,0.049691,5.0,193,3884
nrsr:person:1144,Lukáš Bužo,https://www.nrsr.sk/web/dynamic/PoslanecPhoto.aspx?PoslanecID=1144&ImageWidth=140,,Klub SLOVENSKO,,0.007704,0.8,30,3894
nrsr:person:1118,Tamara Stohlová,https://www.nrsr.sk/web/dynamic/PoslanecPhoto.aspx?PoslanecID=1118&ImageWidth=140,,Klub PS,,0.001551,0.2,6,3869
nrsr:person:1037,Vladimír Ledecký,https://www.nrsr.sk/web/dynamic/PoslanecPhoto.aspx?PoslanecID=1037&ImageWidth=140,,Klub SaS,,0.007209,0.7,28,3884
nrsr:person:1140,Dávid Dej,https://www.nrsr.sk/web/dynamic/PoslanecPhoto.aspx?PoslanecID=1140&ImageWidth=140,,Klub PS,,0.000258,0.0,1,3869
nrsr:person:1139,Dana Kleinert,https://www.nrsr.sk/web/dynamic/PoslanecPhoto.aspx?PoslanecID=1139&ImageWidth=140,,Klub PS,,0.000517,0.1,2,3869
nrsr:person:1114,Michal Šimečka,https://www.nrsr.sk/web/dynamic/PoslanecPhoto.aspx?PoslanecID=1114&ImageWidth=140,,Klub PS,,0.002326,0.2,9,3869
nrsr:person:1191,Andrej Sitkár,https://www.nrsr.sk/web/dynamic/PoslanecPhoto.aspx?PoslanecID=1191&ImageWidth=140,,Klub SMER - SD,,0.000245,0.0,1,4084
nrsr:person:1124,Ingrid Kosová,https://www.nrsr.sk/web/dynamic/PoslanecPhoto.aspx?PoslanecID=1124&ImageWidth=140,,Klub PS,,0.000775,0.1,3,3869
nrsr:person:871,Vladimír Baláž,https://www.nrsr.sk/web/dynamic/PoslanecPhoto.aspx?PoslanecID=871&ImageWidth=140,,Klub SMER - SD,,0.002204,0.2,9,4084
nrsr:person:907,Marek Krajčí,https://www.nrsr.sk/web/dynamic/PoslanecPhoto.aspx?PoslanecID=907&ImageWidth=140,,Klub SLOVENSKO,,0.021572,2.2,84,3894
nrsr:person:1133,Martin Dubéci,https://www.nrsr.sk/web/dynamic/PoslanecPhoto.aspx?PoslanecID=1133&ImageWidth=140,,Klub PS,,0.001034,0.1,4,3869
nrsr:person:1160,Marcela Čavojová,https://www.nrsr.sk/web/dynamic/PoslanecPhoto.aspx?PoslanecID=1160&ImageWidth=140,,Klub SMER - SD,,0.001469,0.1,6,4084
nrsr:person:1158,Daniel Karas,https://www.nrsr.sk/web/dynamic/PoslanecPhoto.aspx?PoslanecID=1158&ImageWidth=140,,Klub SMER - SD,,0.000245,0.0,1,4084
nrsr:person:1131,Ondrej Prostredník,https://www.nrsr.sk/web/dynamic/PoslanecPhoto.aspx?PoslanecID=1131&ImageWidth=140,,Klub PS,,0.0,0.0,0,3869
nrsr:person:808,Igor Matovič,https://www.nrsr.sk/web/dynamic/PoslanecPhoto.aspx?PoslanecID=808&ImageWidth=140,,Klub SLOVENSKO,,0.002054,0.2,8,3894
nrsr:person:671,Ján Kvorka,https://www.nrsr.sk/web/dynamic/PoslanecPhoto.aspx?PoslanecID=671&ImageWidth=140,,Klub SMER - SD,,0.000979,0.1,4,4084
nrsr:person:1116,Lucia Plaváková,https://www.nrsr.sk/web/dynamic/PoslanecPhoto.aspx?PoslanecID=1116&ImageWidth=140,,Klub PS,,0.000258,0.0,1,3869
nrsr:person:738,Pavol Goga,https://www.nrsr.sk/web/dynamic/PoslanecPhoto.aspx?PoslanecID=738&ImageWidth=140,,Klub SMER - SD,,0.0,0.0,0,4084
nrsr:person:874,Augustín Hambálek,https://www.nrsr.sk/web/dynamic/PoslanecPhoto.aspx?PoslanecID=874&ImageWidth=140,,Klub SMER - SD,,0.000735,0.1,3,4084
nrsr:person:1194,Zuzana Plevíková,https://www.nrsr.sk/web/dynamic/PoslanecPhoto.aspx?PoslanecID=1194&ImageWidth=140,,Klub SMER - SD,,0.000245,0.0,1,4084
nrsr:person:1198,Milan Garaj,https://www.nrsr.sk/web/dynamic/PoslanecPhoto.aspx?PoslanecID=1198&ImageWidth=140,,Klub SNS,,0.001225,0.1,5,4083
nrsr:person:1196,Alena Nováková,https://www.nrsr.sk/web/dynamic/PoslanecPhoto.aspx?PoslanecID=1196&ImageWidth=140,,Klub HLAS - SD,,0.000244,0.0,1,4090
nrsr:person:769,Peter Šuca,https://www.nrsr.sk/web/dynamic/PoslanecPhoto.aspx?PoslanecID=769&ImageWidth=140,,Klub SMER - SD,,0.000245,0.0,1,4084
nrsr:person:1186,Andrea Turčanová,https://www.nrsr.sk/web/dynamic/PoslanecPhoto.aspx?PoslanecID=1186&ImageWidth=140,,Klub KDH,,0.006089,0.6,23,3777
nrsr:person:1161,Michal Stuška,https://www.nrsr.sk/web/dynamic/PoslanecPhoto.aspx?PoslanecID=1161&ImageWidth=140,,Klub SMER - SD,,0.00049,0.0,2,4084
nrsr:person:899,Peter Náhlik,https://www.nrsr.sk/web/dynamic/PoslanecPhoto.aspx?PoslanecID=899&ImageWidth=140,,Klub HLAS - SD,,0.000244,0.0,1,4090
nrsr:person:991,Marián Viskupič,https://www.nrsr.sk/web/dynamic/PoslanecPhoto.aspx?PoslanecID=991&ImageWidth=140,,Klub SaS,,0.004119,0.4,16,3884
nrsr:person:1192,Ivan Hazucha,https://www.nrsr.sk/web/dynamic/PoslanecPhoto.aspx?PoslanecID=1192&ImageWidth=140,,Klub SMER - SD,,0.001224,0.1,5,4084
nrsr:person:1190,Rastislav Krátky,https://www.nrsr.sk/web/dynamic/PoslanecPhoto.aspx?PoslanecID=1190&ImageWidth=140,,Klub KDH,,0.041303,4.1,156,3777
nrsr:person:862,Branislav Škripek,https://www.nrsr.sk/web/dynamic/PoslanecPhoto.aspx?PoslanecID=862&ImageWidth=140,,Klub KDH,,0.002912,0.3,11,3777
nrsr:person:861,Richard Vašečka,https://www.nrsr.sk/web/dynamic/PoslanecPhoto.aspx?PoslanecID=861&ImageWidth=140,,Klub SLOVENSKO,,0.016179,1.6,63,3894
nrsr:person:1152,Pavel Ľupták,https://www.nrsr.sk/web/dynamic/PoslanecPhoto.aspx?PoslanecID=1152&ImageWidth=140,,Klub SNS,,0.003184,0.3,13,4083
nrsr:person:1121,Zora Jaurová,https://www.nrsr.sk/web/dynamic/PoslanecPhoto.aspx?PoslanecID=1121&ImageWidth=140,,Klub PS,,0.000775,0.1,3,3869
nrsr:person:997,Ján Blcháč,https://www.nrsr.sk/web/dynamic/PoslanecPhoto.aspx?PoslanecID=997&ImageWidth=140,,Klub HLAS - SD,,0.000489,0.0,2,4090
nrsr:person:1173,Roman Malatinec,https://www.nrsr.sk/web/dynamic/PoslanecPhoto.aspx?PoslanecID=1173&ImageWidth=140,,Klub HLAS - SD,,0.001956,0.2,8,4090
nrsr:person:685,Ján Podmanický,https://www.nrsr.sk/web/dynamic/PoslanecPhoto.aspx?PoslanecID=685&ImageWidth=140,,Klub SMER - SD,,0.003918,0.4,16,4084
nrsr:person:1065,Michal Šipoš,https://www.nrsr.sk/web/dynamic/PoslanecPhoto.aspx?PoslanecID=1065&ImageWidth=140,,Klub SLOVENSKO,,0.001541,0.2,6,3894
nrsr:person:1195,Jozef Cech,https://www.nrsr.sk/web/dynamic/PoslanecPhoto.aspx?PoslanecID=1195&ImageWidth=140,,Klub HLAS - SD,,0.000733,0.1,3,4090
nrsr:person:61,Dušan Jarjabek,https://www.nrsr.sk/web/dynamic/PoslanecPhoto.aspx?PoslanecID=61&ImageWidth=140,,Klub SMER - SD,,0.00049,0.0,2,4084
nrsr:person:1189,Marek Lackovič,https://www.nrsr.sk/web/dynamic/PoslanecPhoto.aspx?PoslanecID=1189&ImageWidth=140,,Klub PS,,0.000258,0.0,1,3869
nrsr:person:1225,Gabriel Paľa,https://www.nrsr.sk/web/dynamic/PoslanecPhoto.aspx?PoslanecID=1225&ImageWidth=140,,Klub KDH,,0.0,0.0,0,3777
nrsr:person:689,Ján Richter,https://www.nrsr.sk/web/dynamic/PoslanecPhoto.aspx?PoslanecID=689&ImageWidth=140,,Klub SMER - SD,,0.00049,0.0,2,4084
nrsr:person:668,Stanislav Kubánek,https://www.nrsr.sk/web/dynamic/PoslanecPhoto.aspx?PoslanecID=668&ImageWidth=140,,Klub SMER - SD,,0.002204,0.2,9,4084
nrsr:person:761,Richard Raši,https://www.nrsr.sk/web/dynamic/PoslanecPhoto.aspx?PoslanecID=761&ImageWidth=140,,Klub HLAS - SD,,0.000733,0.1,3,4090
nrsr:person:879,Róbert Puci,https://www.nrsr.sk/web/dynamic/PoslanecPhoto.aspx?PoslanecID=879&ImageWidth=140,,Klub HLAS - SD,,0.000244,0.0,1,4090
nrsr:person:1169,Karol Janas,https://www.nrsr.sk/web/dynamic/PoslanecPhoto.aspx?PoslanecID=1169&ImageWidth=140,,Klub HLAS - SD,,0.000733,0.1,3,4090
nrsr:person:1146,Anežka Škopová,https://www.nrsr.sk/web/dynamic/PoslanecPhoto.aspx?PoslanecID=1146&ImageWidth=140,,Klub SLOVENSKO,,0.008218,0.8,32,3894
nrsr:person:1214,Richard Glück,https://www.nrsr.sk/web/dynamic/PoslanecPhoto.aspx?PoslanecID=1214&ImageWidth=140,,Klub SMER - SD,,0.000979,0.1,4,4084
nrsr:person:293,Ľubomír Vážny,https://www.nrsr.sk/web/dynamic/PoslanecPhoto.aspx?PoslanecID=293&ImageWidth=140,,Klub SMER - SD,,0.003673,0.4,15,4084
nrsr:person:1221,Igor Dušenka,https://www.nrsr.sk/web/dynamic/PoslanecPhoto.aspx?PoslanecID=1221&ImageWidth=140,,Klub SLOVENSKO,,0.000514,0.1,2,3894
nrsr:person:656,Dušan Galis,https://www.nrsr.sk/web/dynamic/PoslanecPhoto.aspx?PoslanecID=656&ImageWidth=140,,Klub SMER - SD,,0.001959,0.2,8,4084
nrsr:person:733,Michal Lukša,https://www.nrsr.sk/web/dynamic/PoslanecPhoto.aspx?PoslanecID=733&ImageWidth=140,,Klub SMER - SD,,0.00049,0.0,2,4084
nrsr:person:1054,Jozef Pročko,https://www.nrsr.sk/web/dynamic/PoslanecPhoto.aspx?PoslanecID=1054&ImageWidth=140,,Klub SLOVENSKO,,0.009502,1.0,37,3894
nrsr:person:1081,Ľubica Laššáková,https://www.nrsr.sk/web/dynamic/PoslanecPhoto.aspx?PoslanecID=1081&ImageWidth=140,,Klub HLAS - SD,,0.000244,0.0,1,4090
nrsr:person:1177,Igor Šimko,https://www.nrsr.sk/web/dynamic/PoslanecPhoto.aspx?PoslanecID=1177&ImageWidth=140,,Klub HLAS - SD,,0.0,0.0,0,4090
nrsr:person:1009,Jozef Habánik,https://www.nrsr.sk/web/dynamic/PoslanecPhoto.aspx?PoslanecID=1009&ImageWidth=140,,Klub SMER - SD,,0.00049,0.0,2,4084
nrsr:person:1134,Darina Luščíková,https://www.nrsr.sk/web/dynamic/PoslanecPhoto.aspx?PoslanecID=1134&ImageWidth=140,,Klub PS,,0.001809,0.2,7,3869
nrsr:person:1216,Dávid Demečko,https://www.nrsr.sk/web/dynamic/PoslanecPhoto.aspx?PoslanecID=1216&ImageWidth=140,,Klub HLAS - SD,,0.000489,0.0,2,4090
nrsr:person:1211,Zdenka Mačicová,https://www.nrsr.sk/web/dynamic/PoslanecPhoto.aspx?PoslanecID=1211&ImageWidth=140,,Klub HLAS - SD,,0.000489,0.0,2,4090
nrsr:person:891,Jozef Ježík,https://www.nrsr.sk/web/dynamic/PoslanecPhoto.aspx?PoslanecID=891&ImageWidth=140,,Klub SMER - SD,,0.001714,0.2,7,4084
nrsr:person:859,Alojz Hlina,https://www.nrsr.sk/web/dynamic/PoslanecPhoto.aspx?PoslanecID=859&ImageWidth=140,,Klub SaS,,0.00309,0.3,12,3884
nrsr:person:1179,Marián Čaučík,https://www.nrsr.sk/web/dynamic/PoslanecPhoto.aspx?PoslanecID=1179&ImageWidth=140,,Klub KDH,,0.001059,0.1,4,3777
nrsr:person:1025,Mária Kolíková,https://www.nrsr.sk/web/dynamic/PoslanecPhoto.aspx?PoslanecID=1025&ImageWidth=140,,Klub SaS,,0.006952,0.7,27,3884
nrsr:person:905,Veronika Remišová,https://www.nrsr.sk/web/dynamic/PoslanecPhoto.aspx?PoslanecID=905&ImageWidth=140,,Klub SLOVENSKO,,0.004366,0.4,17,3894
nrsr:person:1142,Ján Hargaš,https://www.nrsr.sk/web/dynamic/PoslanecPhoto.aspx?PoslanecID=1142&ImageWidth=140,,Klub PS,,0.000775,0.1,3,3869
nrsr:person:1207,Michal Bartek,https://www.nrsr.sk/web/dynamic/PoslanecPhoto.aspx?PoslanecID=1207&ImageWidth=140,,Klub HLAS - SD,,0.000733,0.1,3,4090
nrsr:person:900,František Petro,https://www.nrsr.sk/web/dynamic/PoslanecPhoto.aspx?PoslanecID=900&ImageWidth=140,,Klub SMER - SD,,0.0,0.0,0,4084
nrsr:person:1217,Andrea Szabóová,https://www.nrsr.sk/web/dynamic/PoslanecPhoto.aspx?PoslanecID=1217&ImageWidth=140,,Klub HLAS - SD,,0.0,0.0,0,4090
nrsr:person:962,Simona Petrík,https://www.nrsr.sk/web/dynamic/PoslanecPhoto.aspx?PoslanecID=962&ImageWidth=140,,Klub PS,,0.003102,0.3,12,3869
nrsr:person:1125,Štefan Kišš,https://www.nrsr.sk/web/dynamic/PoslanecPhoto.aspx?PoslanecID=1125&ImageWidth=140,,Klub PS,,0.002068,0.2,8,3869
nrsr:person:1046,Roman Mikulec,https://www.nrsr.sk/web/dynamic/PoslanecPhoto.aspx?PoslanecID=1046&ImageWidth=140,,Klub SLOVENSKO,,0.001798,0.2,7,3894
nrsr:person:1204,Jaroslav Mego,https://www.nrsr.sk/web/dynamic/PoslanecPhoto.aspx?PoslanecID=1204&ImageWidth=140,,Klub SMER - SD,,0.000735,0.1,3,4084
nrsr:person:1088,Peter Pollák,https://www.nrsr.sk/web/dynamic/PoslanecPhoto.aspx?PoslanecID=1088&ImageWidth=140,,Klub SLOVENSKO,,0.007961,0.8,31,3894
nrsr:person:1220,Miroslav Radačovský,https://www.nrsr.sk/web/dynamic/PoslanecPhoto.aspx?PoslanecID=1220&ImageWidth=140,,,,,,0,0
nrsr:person:1032,Juraj Krúpa,https://www.nrsr.sk/web/dynamic/PoslanecPhoto.aspx?PoslanecID=1032&ImageWidth=140,,Klub SaS,,0.004892,0.5,19,3884
nrsr:person:873,Marián Kéry,https://www.nrsr.sk/web/dynamic/PoslanecPhoto.aspx?PoslanecID=873&ImageWidth=140,,Klub SMER - SD,,0.001959,0.2,8,4084
nrsr:person:1223,Vladimír Macášek,https://www.nrsr.sk/web/dynamic/PoslanecPhoto.aspx?PoslanecID=1223&ImageWidth=140,,Klub SMER - SD,,0.0,0.0,0,4084
nrsr:person:1170,Peter Kalivoda,https://www.nrsr.sk/web/dynamic/PoslanecPhoto.aspx?PoslanecID=1170&ImageWidth=140,,Klub HLAS - SD,,0.000244,0.0,1,4090
nrsr:person:1130,Zuzana Mesterová,https://www.nrsr.sk/web/dynamic/PoslanecPhoto.aspx?PoslanecID=1130&ImageWidth=140,,Klub PS,,0.000258,0.0,1,3869
nrsr:person:233,Jaroslav Baška,https://www.nrsr.sk/web/dynamic/PoslanecPhoto.aspx?PoslanecID=233&ImageWidth=140,,Klub SMER - SD,,0.000979,0.1,4,4084
nrsr:person:1183,Ján Horecký,https://www.nrsr.sk/web/dynamic/PoslanecPhoto.aspx?PoslanecID=1183&ImageWidth=140,,Klub KDH,,0.000794,0.1,3,3777
nrsr:person:1120,Michal Sabo,https://www.nrsr.sk/web/dynamic/PoslanecPhoto.aspx?PoslanecID=1120&ImageWidth=140,,Klub PS,,0.001809,0.2,7,3869
nrsr:person:1132,Zuzana Števulová,https://www.nrsr.sk/web/dynamic/PoslanecPhoto.aspx?PoslanecID=1132&ImageWidth=140,,Klub PS,,0.001034,0.1,4,3869
nrsr:person:779,Ondrej Dostál,https://www.nrsr.sk/web/dynamic/PoslanecPhoto.aspx?PoslanecID=779&ImageWidth=140,,Klub SaS,,0.012358,1.2,48,3884
nrsr:person:1213,Richard Dubovický,https://www.nrsr.sk/web/dynamic/PoslanecPhoto.aspx?PoslanecID=1213&ImageWidth=140,,Klub PS,,0.000517,0.1,2,3869
nrsr:person:1178,Milan Majerský,https://www.nrsr.sk/web/dynamic/PoslanecPhoto.aspx?PoslanecID=1178&ImageWidth=140,,Klub KDH,,0.000265,0.0,1,3777
nrsr:person:1156,Ján Mažgút,https://www.nrsr.sk/web/dynamic/PoslanecPhoto.aspx?PoslanecID=1156&ImageWidth=140,,Klub SMER - SD,,0.000735,0.1,3,4084
nrsr:person:1188,Július Jakab,https://www.nrsr.sk/web/dynamic/PoslanecPhoto.aspx?PoslanecID=1188&ImageWidth=140,,Klub SLOVENSKO,,0.000514,0.1,2,3894
nrsr:person:1224,Monika Kolejáková,https://www.nrsr.sk/web/dynamic/PoslanecPhoto.aspx?PoslanecID=1224&ImageWidth=140,,Klub KDH,,0.000265,0.0,1,3777
nrsr:person:762,Marián Saloň,https://www.nrsr.sk/web/dynamic/PoslanecPhoto.aspx?PoslanecID=762&ImageWidth=140,,Klub SMER - SD,,0.0,0.0,0,4084
nrsr:person:1163,Justín Sedlák,https://www.nrsr.sk/web/dynamic/PoslanecPhoto.aspx?PoslanecID=1163&ImageWidth=140,,Klub SMER - SD,,0.00049,0.0,2,4084
nrsr:person:929,Andrej Danko,https://www.nrsr.sk/web/dynamic/PoslanecPhoto.aspx?PoslanecID=929&ImageWidth=140,,Klub SNS,,0.002449,0.2,10,4083
nrsr:person:1222,Gréta Gregorová,https://www.nrsr.sk/web/dynamic/PoslanecPhoto.aspx?PoslanecID=1222&ImageWidth=140,,Klub PS,,0.000258,0.0,1,3869
nrsr:person:1184,František Majerský,https://www.nrsr.sk/web/dynamic/PoslanecPhoto.aspx?PoslanecID=1184&ImageWidth=140,,Klub KDH,,0.002383,0.2,9,3777
nrsr:person:1127,Ivan Štefunko,https://www.nrsr.sk/web/dynamic/PoslanecPhoto.aspx?PoslanecID=1127&ImageWidth=140,,Klub PS,,0.002843,0.3,11,3869
nrsr:person:1129,Jana Hanuliaková,https://www.nrsr.sk/web/dynamic/PoslanecPhoto.aspx?PoslanecID=1129&ImageWidth=140,,Klub PS,,0.000258,0.0,1,3869
nrsr:person:1128,et Jurík,https://www.nrsr.sk/web/dynamic/PoslanecPhoto.aspx?PoslanecID=1128&ImageWidth=140,,Klub PS,,0.000775,0.1,3,3869
nrsr:person:1019,Viliam Zahorčák,https://www.nrsr.sk/web/dynamic/PoslanecPhoto.aspx?PoslanecID=1019&ImageWidth=140,,Klub SMER - SD,,0.0,0.0,0,4084
nrsr:person:1143,Veronika Šrobová,https://www.nrsr.sk/web/dynamic/PoslanecPhoto.aspx?PoslanecID=1143&ImageWidth=140,,Klub PS,,0.001034,0.1,4,3869
nrsr:person:910,Gábor Grendel,https://www.nrsr.sk/web/dynamic/PoslanecPhoto.aspx?PoslanecID=910&ImageWidth=140,,Klub SLOVENSKO,,0.002568,0.3,10,3894
nrsr:person:961,Igor Janckulík,https://www.nrsr.sk/web/dynamic/PoslanecPhoto.aspx?PoslanecID=961&ImageWidth=140,,Klub KDH,,0.001589,0.2,6,3777
nrsr:person:1023,Peter Kmec,https://www.nrsr.sk/web/dynamic/PoslanecPhoto.aspx?PoslanecID=1023&ImageWidth=140,,Klub HLAS - SD,,0.0,0.0,0,4090
nrsr:person:1149,Roman Michelko,https://www.nrsr.sk/web/dynamic/PoslanecPhoto.aspx?PoslanecID=1149&ImageWidth=140,,Klub SNS,,0.005633,0.6,23,4083
nrsr:person:785,Ľubomír Galko,https://www.nrsr.sk/web/dynamic/PoslanecPhoto.aspx?PoslanecID=785&ImageWidth=140,,Klub SLOVENSKO,,0.019774,2.0,77,3894
nrsr:person:976,Jana Cigániková,https://www.nrsr.sk/web/dynamic/PoslanecPhoto.aspx?PoslanecID=976&ImageWidth=140,,Klub SaS,,0.008496,0.8,33,3884
nrsr:person:1199,Adam Lučanský,https://www.nrsr.sk/web/dynamic/PoslanecPhoto.aspx?PoslanecID=1199&ImageWidth=140,,Klub SNS,,0.001714,0.2,7,4083
nrsr:person:1208,Dis. Puškárová,https://www.nrsr.sk/web/dynamic/PoslanecPhoto.aspx?PoslanecID=1208&ImageWidth=140,,Klub HLAS - SD,,0.000733,0.1,3,4090
nrsr:person:1202,Ján Hrubý,https://www.nrsr.sk/web/dynamic/PoslanecPhoto.aspx?PoslanecID=1202&ImageWidth=140,,Klub HLAS - SD,,0.0,0.0,0,4090
nrsr:person:1219,Ján Horváth,https://www.nrsr.sk/web/dynamic/PoslanecPhoto.aspx?PoslanecID=1219&ImageWidth=140,,Klub SMER - SD,,0.00049,0.0,2,4084
nrsr:person:1205,Michal Kapuš,https://www.nrsr.sk/web/dynamic/PoslanecPhoto.aspx?PoslanecID=1205&ImageWidth=140,,Klub SMER - SD,,0.000245,0.0,1,4084
nrsr:person:1210,Dagmar Kramplová,https://www.nrsr.sk/web/dynamic/PoslanecPhoto.aspx?PoslanecID=1210&ImageWidth=140,,Klub SNS,,0.000735,0.1,3,4083
nrsr:person:930,Dušan Tittel,https://www.nrsr.sk/web/dynamic/PoslanecPhoto.aspx?PoslanecID=930&ImageWidth=140,,Klub HLAS - SD,,0.000489,0.0,2,4090
nrsr:person:1123,Oskar Dvořák,https://www.nrsr.sk/web/dynamic/PoslanecPhoto.aspx?PoslanecID=1123&ImageWidth=140,,Klub PS,,0.001034,0.1,4,3869
nrsr:person:1159,Zuzana Matejičková,https://www.nrsr.sk/web/dynamic/PoslanecPhoto.aspx?PoslanecID=1159&ImageWidth=140,,Klub SMER - SD,,0.001714,0.2,7,4084
nrsr:person:1172,Richard Eliáš,https://www.nrsr.sk/web/dynamic/PoslanecPhoto.aspx?PoslanecID=1172&ImageWidth=140,,Klub HLAS - SD,,0.000733,0.1,3,4090
nrsr:person:966,Karol Galek,https://www.nrsr.sk/web/dynamic/PoslanecPhoto.aspx?PoslanecID=966&ImageWidth=140,,Klub SaS,,0.001545,0.2,6,3884
nrsr:person:1218,Jozef Kačmár,https://www.nrsr.sk/web/dynamic/PoslanecPhoto.aspx?PoslanecID=1218&ImageWidth=140,,Klub SMER - SD,,0.000245,0.0,1,4084
nrsr:person:1151,Peter Kotlár,https://www.nrsr.sk/web/dynamic/PoslanecPhoto.aspx?PoslanecID=1151&ImageWidth=140,,Klub SNS,,0.002939,0.3,12,4083
nrsr:person:1141,Veronika Veslárová,https://www.nrsr.sk/web/dynamic/PoslanecPhoto.aspx?PoslanecID=1141&ImageWidth=140,,Klub PS,,0.000517,0.1,2,3869
nrsr:person:1008,Ján Ferenčák,https://www.nrsr.sk/web/dynamic/PoslanecPhoto.aspx?PoslanecID=1008&ImageWidth=140,,Klub HLAS - SD,,0.02176,2.2,89,4090
nrsr:person:1176,Erik Vlček,https://www.nrsr.sk/web/dynamic/PoslanecPhoto.aspx?PoslanecID=1176&ImageWidth=140,,Klub HLAS - SD,,0.001711,0.2,7,4090
nrsr:person:1182,Peter Stachura,https://www.nrsr.sk/web/dynamic/PoslanecPhoto.aspx?PoslanecID=1182&ImageWidth=140,,Klub KDH,,0.002383,0.2,9,3777
nrsr:person:92,František Mikloško,https://www.nrsr.sk/web/dynamic/PoslanecPhoto.aspx?PoslanecID=92&ImageWidth=140,,Klub KDH,,0.006089,0.6,23,3777
nrsr:person:1119,Irena Bihariová,https://www.nrsr.sk/web/dynamic/PoslanecPhoto.aspx?PoslanecID=1119&ImageWidth=140,,Klub PS,,0.001292,0.1,5,3869
nrsr:person:1154,gen. Gašpar,https://www.nrsr.sk/web/dynamic/PoslanecPhoto.aspx?PoslanecID=1154&ImageWidth=140,,Klub SMER - SD,,0.00049,0.0,2,4084
nrsr:person:322,Dušan Muňko,https://www.nrsr.sk/web/dynamic/PoslanecPhoto.aspx?PoslanecID=322&ImageWidth=140,,Klub SNS,,0.003429,0.3,14,4083
nrsr:person:1150,Ivan Ševčík,https://www.nrsr.sk/web/dynamic/PoslanecPhoto.aspx?PoslanecID=1150&ImageWidth=140,,Klub SNS,,0.002694,0.3,11,4083
nrsr:person:1187,Branislav Becík,https://www.nrsr.sk/web/dynamic/PoslanecPhoto.aspx?PoslanecID=1187&ImageWidth=140,,Klub HLAS - SD,,0.000489,0.0,2,4090
nrsr:person:1212,Natália Nash,https://www.nrsr.sk/web/dynamic/PoslanecPhoto.aspx?PoslanecID=1212&ImageWidth=140,,Klub PS,,0.000517,0.1,2,3869
nrsr:person:1087,Zdenko Svoboda,https://www.nrsr.sk/web/dynamic/PoslanecPhoto.aspx?PoslanecID=1087&ImageWidth=140,,Klub HLAS - SD,,0.000733,0.1,3,4090
nrsr:person:36,RSDr. Faič,https://www.nrsr.sk/web/dynamic/PoslanecPhoto.aspx?PoslanecID=36&ImageWidth=140,,Klub SMER - SD,,0.001959,0.2,8,4084
nrsr:person:1147,Tomáš Szalay,https://www.nrsr.sk/web/dynamic/PoslanecPhoto.aspx?PoslanecID=1147&ImageWidth=140,,Klub SaS,,0.005149,0.5,20,3884
nrsr:person:691,Peter Žiga,https://www.nrsr.sk/web/dynamic/PoslanecPhoto.aspx?PoslanecID=691&ImageWidth=140,,Klub HLAS - SD,,0.000244,0.0,1,4090
nrsr:person:1075,"Tomáš Valášek,",https://www.nrsr.sk/web/dynamic/PoslanecPhoto.aspx?PoslanecID=1075&ImageWidth=140,,Klub PS,,0.002585,0.3,10,3869
